no,id_site,id_request,http_request,method,easylist,privacylist,postData,initiator_url,initiator_type,initiator_function,is_st_party,encoding_form,leakage_method,pii_type,st_domain,thrd_domain,referer,authorization,cookies,referer_extra,cookies_extra
2507,1048,46846.65,https://secure.gravatar.com/avatar/6fc55d1445a6b8724cb1ad5f5ff66c49?s=24&d=404,HEAD,False,False,,https://mobilecenter.azureedge.net/generated/9b88408fd1c9fde768fa.js,script,anonymous,False,MD5,URI,EMAIL,appcenter.ms,gravatar.com,,,,,
2508,1048,46846.66,https://secure.gravatar.com/avatar/6fc55d1445a6b8724cb1ad5f5ff66c49?s=32&d=404,HEAD,False,False,,https://mobilecenter.azureedge.net/generated/9b88408fd1c9fde768fa.js,script,anonymous,False,MD5,URI,EMAIL,appcenter.ms,gravatar.com,,,,,
2509,1235,101031.1042,https://api.rlcdn.com/api/identity/envelope?pid=13694&it=4&iv=4e702dcf4ba0ac495bc6257865c573e25e96c78db7a468b5da1e9a456e6eea66&it=4&iv=0a523328bd88036249c5c96b04491ffe1aaea687&it=4&iv=6fc55d1445a6b8724cb1ad5f5ff66c49,GET,False,True,,https://ats.rlcdn.com/ats.js,script,anonymous,False,MD5,URI,EMAIL,qz.com,rlcdn.com,https://qz.com/,,,https://qz.com/,
2512,2795,227932.1450,https://api.rlcdn.com/api/identity/v2/envelope?pid=115&it=4&iv=4e702dcf4ba0ac495bc6257865c573e25e96c78db7a468b5da1e9a456e6eea66&it=4&iv=0a523328bd88036249c5c96b04491ffe1aaea687&it=4&iv=6fc55d1445a6b8724cb1ad5f5ff66c49,GET,False,True,,https://ats-wrapper.privacymanager.io/ats-modules/f4105e35-d596-4694-b9a4-ed81ae9873a1/ats.js,script,ie,False,MD5,URI,EMAIL,nj.com,rlcdn.com,https://www.nj.com/,,,https://www.nj.com/,
2514,2795,227932.1490,https://api.rlcdn.com/api/identity/v2/envelope?pid=115&it=4&iv=4e702dcf4ba0ac495bc6257865c573e25e96c78db7a468b5da1e9a456e6eea66&it=4&iv=0a523328bd88036249c5c96b04491ffe1aaea687&it=4&iv=6fc55d1445a6b8724cb1ad5f5ff66c49,GET,False,True,,https://ats-wrapper.privacymanager.io/ats-modules/f4105e35-d596-4694-b9a4-ed81ae9873a1/ats.js,script,ie,False,MD5,URI,EMAIL,nj.com,rlcdn.com,https://www.nj.com/,,,https://www.nj.com/,
2527,2936,248600.543,https://secure.gravatar.com/avatar/6fc55d1445a6b8724cb1ad5f5ff66c49?d=https%3A%2F%2Fplex.tv%2Favatars%2FCC9476%2F4d%2F1&s=80,GET,False,False,,https://www.plex.tv/?signUp=0,parser,,False,MD5,URI,EMAIL,plex.tv,gravatar.com,https://www.plex.tv/,,,https://www.plex.tv/,
2528,2936,248600.543,https://secure.gravatar.com/avatar/6fc55d1445a6b8724cb1ad5f5ff66c49?d=https%3A%2F%2Fplex.tv%2Favatars%2FCC9476%2F4d%2F1&s=80,GET,False,False,,https://www.plex.tv/?signUp=0,parser,,False,MD5,URI,EMAIL,plex.tv,gravatar.com,https://www.plex.tv/,,,https://www.plex.tv/,_gcl_au=1.1.1374226925.1686936575; _rdt_uuid=1686936575627.4ede2725-9530-4d92-b52d-d93ac079e10b; _fbp=fb.1.1686936575772.362587167; _ga=GA1.2.1959758406.1686936575; _gid=GA1.2.1667601671.1686936576; _gat_UA-6111912-29=1; _my-plex_session_32=cFFxTkh6SjhOKzFtYk9qYUpVTGVqd1ppeGlQblJxT2REdEVRZE5WL29TYWM3eXFFMDBUcVRCZFM0b1dtazZJSEh0NGVVdnFDR3VHMEJQdExTZE5Ja0M3V0Nhd2g2MndaZXBtckxTd2daVy81dnYyclljQXZ6RFRlcWJuZmE1ZFJ2ZHNhTnU3SmNCSWZ3VlN0U0twUVRka1doeU5pd0EweW14ODRjVnY0MDRnPS0tUFVqQ0ZxQmY2Q3oxSzhjeURKbldBdz09--3b855174b5c4910a74527bdaa6bc6b17ecbc8955; afUserId=57b7dc34-3bd9-42ec-90c9-4940b9877092-p; AF_SYNC=1686936579810; fbm_1405987639482438=base_domain=.plex.tv; fbsr_1405987639482438=-x_sbi-QILUBrbvuyP_-ank0SST4m61he_3PwgNIlu0.eyJ1c2VyX2lkIjoiMTE4OTI2ODA0NTYxMjc5IiwiY29kZSI6IkFRRFFJWERyNmh4eTEtdS1BSmhvQTdsb2RyN0hYSlA1YU02dnY3QXowWEF6YmFKbnJrTTZYaGE0S2tseUU0OGs1dFFOZDgwcVJ1cW52d1llQUZleVNmMmdHcWp5d1pCRkEyS1BDc3E3emtzSzlROWZHTTBSblNaTWdCYWM2Tkxna2dmU3o5dWRWYmUyY05tYWQyZDRoTkQxX2pNSEFFRjJ0NnlMSGhPZFdkSjVlWjRyQVlwLVF0Z0xrVVVQY3Q0N3pxa1hZQkhVZ2l6NUwtamZtRGRLVGF6V1I5WTB5SnRhdHJIbHJFWWh5aUR4aVZERnVaTnFxaHdZQzZXTG9wd1BmTUJyQzdwZVNfMHFKOUhXVE02elRWTEQ3OXpRb1k1U3FNYmNlQkRVYnlubG04Qm5QcnNDVWtkNzN4QkZTWndNVV9nbXFqb0tBQ1ZTbmRFbTdONFZrRTVLIiwiYWxnb3JpdGhtIjoiSE1BQy1TSEEyNTYiLCJpc3N1ZWRfYXQiOjE2ODY5MzY2MTh9; plex_tv_auth=%7B%22email%22%3A%22hattori.mina%40proton.me%22%2C%22joined_at%22%3A%222023-06-16T17%3A30%3A19Z%22%2C%22username%22%3A%22minamotohattori%22%2C%22thumb%22%3A%22https%3A%2F%2Fplex.tv%2Fusers%2F5ba55990156c80b6%2Favatar%3Fc%3D1686936619%22%2C%22title%22%3A%22Minamoto+Hattori%22%2C%22roles%22%3A%5B%5D%2C%22subscription%22%3A%7B%22active%22%3Afalse%2C%22status%22%3A%22Inactive%22%2C%22plan%22%3Anull%7D%2C%22authentication_token%22%3A%22aVssYmxMx6PTs1bfyoGr%22%7D; _dc_gtm_UA-6111912-29=1; _ga_G6FQWNSENB=GS1.1.1686936575.1.1.1686936620.15.0.0; _ga_WVSCQW4NQZ=GS1.1.1686936575.1.1.1686936620.0.0.0; _plex_tv_auth_sync=eyJob3N0Ijoid3d3LnBsZXgudHYiLCJzaWduZWRJbiI6dHJ1ZX0=
2529,2936,248600.543,https://secure.gravatar.com/avatar/6fc55d1445a6b8724cb1ad5f5ff66c49?d=https%3A%2F%2Fplex.tv%2Favatars%2FCC9476%2F4d%2F1&s=80,GET,False,False,,https://www.plex.tv/?signUp=0,parser,,False,MD5,URI,EMAIL,plex.tv,gravatar.com,https://www.plex.tv/,,,https://www.plex.tv/,
2530,2936,248600.1013,https://secure.gravatar.com/avatar/6fc55d1445a6b8724cb1ad5f5ff66c49?d=https%3A%2F%2Fplex.tv%2Favatars%2FCC9476%2F4d%2F1&s=80,GET,False,False,,https://www.plex.tv/,parser,,False,MD5,URI,EMAIL,plex.tv,gravatar.com,https://www.plex.tv/,,,https://www.plex.tv/,_gcl_au=1.1.1374226925.1686936575; _rdt_uuid=1686936575627.4ede2725-9530-4d92-b52d-d93ac079e10b; _fbp=fb.1.1686936575772.362587167; _gid=GA1.2.1667601671.1686936576; afUserId=57b7dc34-3bd9-42ec-90c9-4940b9877092-p; AF_SYNC=1686936579810; fbm_1405987639482438=base_domain=.plex.tv; fbsr_1405987639482438=-x_sbi-QILUBrbvuyP_-ank0SST4m61he_3PwgNIlu0.eyJ1c2VyX2lkIjoiMTE4OTI2ODA0NTYxMjc5IiwiY29kZSI6IkFRRFFJWERyNmh4eTEtdS1BSmhvQTdsb2RyN0hYSlA1YU02dnY3QXowWEF6YmFKbnJrTTZYaGE0S2tseUU0OGs1dFFOZDgwcVJ1cW52d1llQUZleVNmMmdHcWp5d1pCRkEyS1BDc3E3emtzSzlROWZHTTBSblNaTWdCYWM2Tkxna2dmU3o5dWRWYmUyY05tYWQyZDRoTkQxX2pNSEFFRjJ0NnlMSGhPZFdkSjVlWjRyQVlwLVF0Z0xrVVVQY3Q0N3pxa1hZQkhVZ2l6NUwtamZtRGRLVGF6V1I5WTB5SnRhdHJIbHJFWWh5aUR4aVZERnVaTnFxaHdZQzZXTG9wd1BmTUJyQzdwZVNfMHFKOUhXVE02elRWTEQ3OXpRb1k1U3FNYmNlQkRVYnlubG04Qm5QcnNDVWtkNzN4QkZTWndNVV9nbXFqb0tBQ1ZTbmRFbTdONFZrRTVLIiwiYWxnb3JpdGhtIjoiSE1BQy1TSEEyNTYiLCJpc3N1ZWRfYXQiOjE2ODY5MzY2MTh9; plex_tv_auth=%7B%22email%22%3A%22hattori.mina%40proton.me%22%2C%22joined_at%22%3A%222023-06-16T17%3A30%3A19Z%22%2C%22username%22%3A%22minamotohattori%22%2C%22thumb%22%3A%22https%3A%2F%2Fplex.tv%2Fusers%2F5ba55990156c80b6%2Favatar%3Fc%3D1686936619%22%2C%22title%22%3A%22Minamoto+Hattori%22%2C%22roles%22%3A%5B%5D%2C%22subscription%22%3A%7B%22active%22%3Afalse%2C%22status%22%3A%22Inactive%22%2C%22plan%22%3Anull%7D%2C%22authentication_token%22%3A%22aVssYmxMx6PTs1bfyoGr%22%7D; _ga_G6FQWNSENB=GS1.1.1686936575.1.1.1686936623.12.0.0; _ga_WVSCQW4NQZ=GS1.1.1686936575.1.1.1686936623.0.0.0; _ga=GA1.2.1959758406.1686936575; _plex_tv_auth_sync=eyJob3N0Ijoid3d3LnBsZXgudHYiLCJzaWduZWRJbiI6dHJ1ZSwidG9rZW4iOiJhVnNzWW14TXg2UFRzMWJmeW9HciJ9; _my-plex_session_32=U1ZGRnBST3lqQlpmRm1RVWJ3bmovODBPNW8rTVV1L0h2Mk9qeThEVTE4Qnp2Nm9WL3NrKzFIVWpWREg0aWNaU1dPeFl4SEZON0NlakxZbWNnb3hqc3I2M2VqNXR1MCtRUDZoWEJmbzJiRGkwMmdLT20rRWhoUnl1dEtaT2FWQURKQ2JiZGFFb0plWm9MeDlWeVNhZ1FwKzRZOUR0L3h3cVd0SDlEdFZpVE52bFFVRExxN2tCaFZlbkNoblh0L2p1cnk5TWRKZ3FobWd5dlI3T2RHMWErTUhzemNVN24vZGk0MVozdUJKSjcyb0lCT1p0cHBvVXFnUW9oMXYxakRyZy0tRUJMZDhJZURyeUQycFlHR1hLSXhkQT09--b72ba3fe34f0d2549712fdc6439f715bc3898cc6
2536,3322,183076.495,https://api.rlcdn.com/api/identity/v2/envelope?pid=115&it=4&iv=4e702dcf4ba0ac495bc6257865c573e25e96c78db7a468b5da1e9a456e6eea66&it=4&iv=0a523328bd88036249c5c96b04491ffe1aaea687&it=4&iv=6fc55d1445a6b8724cb1ad5f5ff66c49,GET,False,True,,https://ats-wrapper.privacymanager.io/ats-modules/f4105e35-d596-4694-b9a4-ed81ae9873a1/ats.js,script,ie,False,MD5,URI,EMAIL,oregonlive.com,rlcdn.com,https://www.oregonlive.com/,,,https://www.oregonlive.com/,
2537,3322,183076.507,https://api.rlcdn.com/api/identity/v2/envelope?pid=115&it=4&iv=4e702dcf4ba0ac495bc6257865c573e25e96c78db7a468b5da1e9a456e6eea66&it=4&iv=0a523328bd88036249c5c96b04491ffe1aaea687&it=4&iv=6fc55d1445a6b8724cb1ad5f5ff66c49,GET,False,True,,https://ats-wrapper.privacymanager.io/ats-modules/f4105e35-d596-4694-b9a4-ed81ae9873a1/ats.js,script,ie,False,MD5,URI,EMAIL,oregonlive.com,rlcdn.com,https://www.oregonlive.com/,,,https://www.oregonlive.com/,
2541,3322,183076.911,https://api.rlcdn.com/api/identity/v2/envelope?pid=115&it=4&iv=4e702dcf4ba0ac495bc6257865c573e25e96c78db7a468b5da1e9a456e6eea66&it=4&iv=0a523328bd88036249c5c96b04491ffe1aaea687&it=4&iv=6fc55d1445a6b8724cb1ad5f5ff66c49,GET,False,True,,https://ats-wrapper.privacymanager.io/ats-modules/f4105e35-d596-4694-b9a4-ed81ae9873a1/ats.js,script,ie,False,MD5,URI,EMAIL,oregonlive.com,rlcdn.com,https://www.oregonlive.com/trackandfield/2023/06/oregon-state-steeplers-grace-fetherstonhaugh-kaylee-mitchell-finish-6-7-at-ncaa-championships.html,,,https://www.oregonlive.com/trackandfield/2023/06/oregon-state-steeplers-grace-fetherstonhaugh-kaylee-mitchell-finish-6-7-at-ncaa-championships.html,
2545,3322,183076.1309,https://api.rlcdn.com/api/identity/v2/envelope?pid=115&it=4&iv=4e702dcf4ba0ac495bc6257865c573e25e96c78db7a468b5da1e9a456e6eea66&it=4&iv=0a523328bd88036249c5c96b04491ffe1aaea687&it=4&iv=6fc55d1445a6b8724cb1ad5f5ff66c49,GET,False,True,,https://ats-wrapper.privacymanager.io/ats-modules/f4105e35-d596-4694-b9a4-ed81ae9873a1/ats.js,script,ie,False,MD5,URI,EMAIL,oregonlive.com,rlcdn.com,https://www.oregonlive.com/,,,https://www.oregonlive.com/,
2546,3322,183076.1312,https://api.rlcdn.com/api/identity/v2/envelope?pid=115&it=4&iv=4e702dcf4ba0ac495bc6257865c573e25e96c78db7a468b5da1e9a456e6eea66&it=4&iv=0a523328bd88036249c5c96b04491ffe1aaea687&it=4&iv=6fc55d1445a6b8724cb1ad5f5ff66c49,GET,False,True,,https://ats-wrapper.privacymanager.io/ats-modules/f4105e35-d596-4694-b9a4-ed81ae9873a1/ats.js,script,ie,False,MD5,URI,EMAIL,oregonlive.com,rlcdn.com,https://www.oregonlive.com/,,,https://www.oregonlive.com/,
2562,4107,65243.783,https://api.rlcdn.com/api/identity/envelope?pid=13401&it=4&iv=4e702dcf4ba0ac495bc6257865c573e25e96c78db7a468b5da1e9a456e6eea66&it=4&iv=0a523328bd88036249c5c96b04491ffe1aaea687&it=4&iv=6fc55d1445a6b8724cb1ad5f5ff66c49,GET,False,True,,https://ats.rlcdn.com/ats.js,script,anonymous,False,MD5,URI,EMAIL,signupgenius.com,rlcdn.com,https://www.signupgenius.com/,,,https://www.signupgenius.com/,
2563,4107,65243.1307,https://api.rlcdn.com/api/identity/envelope?pid=13401&it=4&iv=4e702dcf4ba0ac495bc6257865c573e25e96c78db7a468b5da1e9a456e6eea66&it=4&iv=0a523328bd88036249c5c96b04491ffe1aaea687&it=4&iv=6fc55d1445a6b8724cb1ad5f5ff66c49,GET,False,True,,https://ats.rlcdn.com/ats.js,script,anonymous,False,MD5,URI,EMAIL,signupgenius.com,rlcdn.com,https://www.signupgenius.com/,,,https://www.signupgenius.com/,
2564,4562,167775.497,https://api.rlcdn.com/api/identity/v2/envelope?pid=115&it=4&iv=4e702dcf4ba0ac495bc6257865c573e25e96c78db7a468b5da1e9a456e6eea66&it=4&iv=0a523328bd88036249c5c96b04491ffe1aaea687&it=4&iv=6fc55d1445a6b8724cb1ad5f5ff66c49,GET,False,True,,https://ats-wrapper.privacymanager.io/ats-modules/f4105e35-d596-4694-b9a4-ed81ae9873a1/ats.js,script,ie,False,MD5,URI,EMAIL,al.com,rlcdn.com,https://www.al.com/,,,https://www.al.com/,
2567,4562,167775.589,https://api.rlcdn.com/api/identity/v2/envelope?pid=115&it=4&iv=4e702dcf4ba0ac495bc6257865c573e25e96c78db7a468b5da1e9a456e6eea66&it=4&iv=0a523328bd88036249c5c96b04491ffe1aaea687&it=4&iv=6fc55d1445a6b8724cb1ad5f5ff66c49,GET,False,True,,https://ats-wrapper.privacymanager.io/ats-modules/f4105e35-d596-4694-b9a4-ed81ae9873a1/ats.js,script,ie,False,MD5,URI,EMAIL,al.com,rlcdn.com,https://www.al.com/,,,https://www.al.com/,
2574,4562,167775.970,https://api.rlcdn.com/api/identity/v2/envelope?pid=115&it=4&iv=4e702dcf4ba0ac495bc6257865c573e25e96c78db7a468b5da1e9a456e6eea66&it=4&iv=0a523328bd88036249c5c96b04491ffe1aaea687&it=4&iv=6fc55d1445a6b8724cb1ad5f5ff66c49,GET,False,True,,https://cdn.taboola.com/libtrc/impl.20230606-33-RELEASE.js,script,anonymous,False,MD5,URI,EMAIL,al.com,rlcdn.com,https://www.al.com/sports/2023/06/belmont-stakes-2023-results-payouts-order-of-finish.html,,,https://www.al.com/sports/2023/06/belmont-stakes-2023-results-payouts-order-of-finish.html,
2575,4562,167775.982,https://api.rlcdn.com/api/identity/v2/envelope?pid=115&it=4&iv=4e702dcf4ba0ac495bc6257865c573e25e96c78db7a468b5da1e9a456e6eea66&it=4&iv=0a523328bd88036249c5c96b04491ffe1aaea687&it=4&iv=6fc55d1445a6b8724cb1ad5f5ff66c49,GET,False,True,,https://cdn.taboola.com/libtrc/impl.20230606-33-RELEASE.js,script,anonymous,False,MD5,URI,EMAIL,al.com,rlcdn.com,https://www.al.com/sports/2023/06/belmont-stakes-2023-results-payouts-order-of-finish.html,,,https://www.al.com/sports/2023/06/belmont-stakes-2023-results-payouts-order-of-finish.html,
2579,4562,167775.1358,https://api.rlcdn.com/api/identity/v2/envelope?pid=115&it=4&iv=4e702dcf4ba0ac495bc6257865c573e25e96c78db7a468b5da1e9a456e6eea66&it=4&iv=0a523328bd88036249c5c96b04491ffe1aaea687&it=4&iv=6fc55d1445a6b8724cb1ad5f5ff66c49,GET,False,True,,https://ats-wrapper.privacymanager.io/ats-modules/f4105e35-d596-4694-b9a4-ed81ae9873a1/ats.js,script,ie,False,MD5,URI,EMAIL,al.com,rlcdn.com,https://www.al.com/,,,https://www.al.com/,
2580,4562,167775.1372,https://api.rlcdn.com/api/identity/v2/envelope?pid=115&it=4&iv=4e702dcf4ba0ac495bc6257865c573e25e96c78db7a468b5da1e9a456e6eea66&it=4&iv=0a523328bd88036249c5c96b04491ffe1aaea687&it=4&iv=6fc55d1445a6b8724cb1ad5f5ff66c49,GET,False,True,,https://ats-wrapper.privacymanager.io/ats-modules/f4105e35-d596-4694-b9a4-ed81ae9873a1/ats.js,script,ie,False,MD5,URI,EMAIL,al.com,rlcdn.com,https://www.al.com/,,,https://www.al.com/,
2600,6098,949138.844,https://pippio.com/api/sync?pid=711024&it=4&iv=6fc55d1445a6b8724cb1ad5f5ff66c49&it=4&iv=4e702dcf4ba0ac495bc6257865c573e25e96c78db7a468b5da1e9a456e6eea66&it=4&iv=0a523328bd88036249c5c96b04491ffe1aaea687,GET,False,True,,https://ats.rlcdn.com/ats.js,script,anonymous,False,MD5,URI,EMAIL,gumtree.com,pippio.com,https://my.gumtree.com/manage/ads,,,https://my.gumtree.com/manage/ads,
2601,6098,949138.845,https://api.rlcdn.com/api/identity/envelope?pid=13291&it=4&iv=4e702dcf4ba0ac495bc6257865c573e25e96c78db7a468b5da1e9a456e6eea66&it=4&iv=0a523328bd88036249c5c96b04491ffe1aaea687&it=4&iv=6fc55d1445a6b8724cb1ad5f5ff66c49,GET,False,True,,https://ats.rlcdn.com/ats.js,script,anonymous,False,MD5,URI,EMAIL,gumtree.com,rlcdn.com,https://my.gumtree.com/manage/ads,,,https://my.gumtree.com/manage/ads,
2602,6098,949138.1071,https://pippio.com/api/sync?pid=711024&it=4&iv=6fc55d1445a6b8724cb1ad5f5ff66c49&it=4&iv=4e702dcf4ba0ac495bc6257865c573e25e96c78db7a468b5da1e9a456e6eea66&it=4&iv=0a523328bd88036249c5c96b04491ffe1aaea687,GET,False,True,,https://ats.rlcdn.com/ats.js,script,anonymous,False,MD5,URI,EMAIL,gumtree.com,pippio.com,https://www.gumtree.com/,,,https://www.gumtree.com/,
2603,6098,949138.1072,https://api.rlcdn.com/api/identity/envelope?pid=13291&it=4&iv=4e702dcf4ba0ac495bc6257865c573e25e96c78db7a468b5da1e9a456e6eea66&it=4&iv=0a523328bd88036249c5c96b04491ffe1aaea687&it=4&iv=6fc55d1445a6b8724cb1ad5f5ff66c49,GET,False,True,,https://ats.rlcdn.com/ats.js,script,anonymous,False,MD5,URI,EMAIL,gumtree.com,rlcdn.com,https://www.gumtree.com/,,,https://www.gumtree.com/,
2605,6716,1254047.516,https://sslwidget.criteo.com/event?a=27252&v=5.16.1&p0=e%3Dce%26m%3D%255B6fc55d1445a6b8724cb1ad5f5ff66c49%255D&p1=e%3Dexd%26site_type%3Dd&p2=e%3Dvh&p3=e%3Ddis&adce=1&bundle=XZ4gkl9WVEVEbXVEZFAyV1owM1NlQjFsdVBGZmJGZiUyRk1kREczNWZRT1dEU2I3ejFNNU5nS1JyaGVpYSUyRnVJQjltZ3BhYkZGJTJGY2xuMldUM2N1SnRhZFR4NVpLQlJFSk0zMzVVaG90enFjYVAlMkYlMkYlMkZCNUdLR1RDY1hzR1VrT2tOOUNjU05ZT2Q0ckI4VUJZOUZLWVN6JTJCdm0lMkJwTXpRJTNEJTNE&tld=olx.ro&fu=https%253A%252F%252Fwww.olx.ro%252F&ceid=238753b2-713e-4e34-bb27-f98f465603d1&dtycbr=75031&gra=1&grs=CPtYYilPtYYilAcABBENDICsAP_AAH_AAAYgJftf_X__b2_r-_7_f_t0eY1P9_7__-0zjhfdl-8N3f_X_L8X52M7vF36tqoKuR4ku3LBIUdlHPHcTVmw6okVryPsbk2cr7NKJ7PEmnMbO2dYGH9_n1_z-ZKY7___f__z_v-v________7-3f3__5___-__e_V__9zfn9_____9vP___9v-_9__________3_79_7_H9-f_876CXYBJhq3EAXYljgTbRhFCiBGFYSFUCgAooBhaIDCB1cFOyuAn1hEgBQCgCMCIEOAKMmAQAAAQBIRABIEeCAQAAQCAAEACoRCAAjYBBQAWAgEAAoDoWKMUAQgSEGREREKYEBEiQUE9lQglB_oaYQh1lgBQaP-KhARKAGKwIhIWDkOCJAS8WSBZijfIARgBQCiVCtQSemgAWMjYAA.f_gAD_gAAAAA&grv=2,GET,False,True,,https://static.criteo.net/js/ld/ld.js,script,T,False,MD5,URI,EMAIL,olx.ro,criteo.com,https://www.olx.ro/,,,https://www.olx.ro/,uid=847ea333-7857-46c6-887b-2d1db900fab3
2606,6716,1254047.516,https://sslwidget.criteo.com/event?a=27252&v=5.16.1&p0=e%3Dce%26m%3D%255B6fc55d1445a6b8724cb1ad5f5ff66c49%255D&p1=e%3Dexd%26site_type%3Dd&p2=e%3Dvh&p3=e%3Ddis&adce=1&bundle=XZ4gkl9WVEVEbXVEZFAyV1owM1NlQjFsdVBGZmJGZiUyRk1kREczNWZRT1dEU2I3ejFNNU5nS1JyaGVpYSUyRnVJQjltZ3BhYkZGJTJGY2xuMldUM2N1SnRhZFR4NVpLQlJFSk0zMzVVaG90enFjYVAlMkYlMkYlMkZCNUdLR1RDY1hzR1VrT2tOOUNjU05ZT2Q0ckI4VUJZOUZLWVN6JTJCdm0lMkJwTXpRJTNEJTNE&tld=olx.ro&fu=https%253A%252F%252Fwww.olx.ro%252F&ceid=238753b2-713e-4e34-bb27-f98f465603d1&dtycbr=75031&gra=1&grs=CPtYYilPtYYilAcABBENDICsAP_AAH_AAAYgJftf_X__b2_r-_7_f_t0eY1P9_7__-0zjhfdl-8N3f_X_L8X52M7vF36tqoKuR4ku3LBIUdlHPHcTVmw6okVryPsbk2cr7NKJ7PEmnMbO2dYGH9_n1_z-ZKY7___f__z_v-v________7-3f3__5___-__e_V__9zfn9_____9vP___9v-_9__________3_79_7_H9-f_876CXYBJhq3EAXYljgTbRhFCiBGFYSFUCgAooBhaIDCB1cFOyuAn1hEgBQCgCMCIEOAKMmAQAAAQBIRABIEeCAQAAQCAAEACoRCAAjYBBQAWAgEAAoDoWKMUAQgSEGREREKYEBEiQUE9lQglB_oaYQh1lgBQaP-KhARKAGKwIhIWDkOCJAS8WSBZijfIARgBQCiVCtQSemgAWMjYAA.f_gAD_gAAAAA&grv=2,GET,False,True,,https://static.criteo.net/js/ld/ld.js,script,T,False,MD5,URI,EMAIL,olx.ro,criteo.com,https://www.olx.ro/,,,https://www.olx.ro/,uid=847ea333-7857-46c6-887b-2d1db900fab3
2608,6716,1254047.516,https://widget.eu.criteo.com/event?a=27252&v=5.16.1&p0=e%3Dce%26m%3D%255B6fc55d1445a6b8724cb1ad5f5ff66c49%255D&p1=e%3Dexd%26site_type%3Dd&p2=e%3Dvh&p3=e%3Ddis&adce=1&bundle=XZ4gkl9WVEVEbXVEZFAyV1owM1NlQjFsdVBGZmJGZiUyRk1kREczNWZRT1dEU2I3ejFNNU5nS1JyaGVpYSUyRnVJQjltZ3BhYkZGJTJGY2xuMldUM2N1SnRhZFR4NVpLQlJFSk0zMzVVaG90enFjYVAlMkYlMkYlMkZCNUdLR1RDY1hzR1VrT2tOOUNjU05ZT2Q0ckI4VUJZOUZLWVN6JTJCdm0lMkJwTXpRJTNEJTNE&tld=olx.ro&fu=https%253A%252F%252Fwww.olx.ro%252F&ceid=238753b2-713e-4e34-bb27-f98f465603d1&dtycbr=75031&gra=1&grs=CPtYYilPtYYilAcABBENDICsAP_AAH_AAAYgJftf_X__b2_r-_7_f_t0eY1P9_7__-0zjhfdl-8N3f_X_L8X52M7vF36tqoKuR4ku3LBIUdlHPHcTVmw6okVryPsbk2cr7NKJ7PEmnMbO2dYGH9_n1_z-ZKY7___f__z_v-v________7-3f3__5___-__e_V__9zfn9_____9vP___9v-_9__________3_79_7_H9-f_876CXYBJhq3EAXYljgTbRhFCiBGFYSFUCgAooBhaIDCB1cFOyuAn1hEgBQCgCMCIEOAKMmAQAAAQBIRABIEeCAQAAQCAAEACoRCAAjYBBQAWAgEAAoDoWKMUAQgSEGREREKYEBEiQUE9lQglB_oaYQh1lgBQaP-KhARKAGKwIhIWDkOCJAS8WSBZijfIARgBQCiVCtQSemgAWMjYAA.f_gAD_gAAAAA&grv=2,GET,False,True,,https://www.olx.ro/,parser,,False,MD5,URI,EMAIL,olx.ro,criteo.com,https://www.olx.ro/,,,https://www.olx.ro/,uid=847ea333-7857-46c6-887b-2d1db900fab3
2609,6716,1254047.516,https://widget.eu.criteo.com/event?a=27252&v=5.16.1&p0=e%3Dce%26m%3D%255B6fc55d1445a6b8724cb1ad5f5ff66c49%255D&p1=e%3Dexd%26site_type%3Dd&p2=e%3Dvh&p3=e%3Ddis&adce=1&bundle=XZ4gkl9WVEVEbXVEZFAyV1owM1NlQjFsdVBGZmJGZiUyRk1kREczNWZRT1dEU2I3ejFNNU5nS1JyaGVpYSUyRnVJQjltZ3BhYkZGJTJGY2xuMldUM2N1SnRhZFR4NVpLQlJFSk0zMzVVaG90enFjYVAlMkYlMkYlMkZCNUdLR1RDY1hzR1VrT2tOOUNjU05ZT2Q0ckI4VUJZOUZLWVN6JTJCdm0lMkJwTXpRJTNEJTNE&tld=olx.ro&fu=https%253A%252F%252Fwww.olx.ro%252F&ceid=238753b2-713e-4e34-bb27-f98f465603d1&dtycbr=75031&gra=1&grs=CPtYYilPtYYilAcABBENDICsAP_AAH_AAAYgJftf_X__b2_r-_7_f_t0eY1P9_7__-0zjhfdl-8N3f_X_L8X52M7vF36tqoKuR4ku3LBIUdlHPHcTVmw6okVryPsbk2cr7NKJ7PEmnMbO2dYGH9_n1_z-ZKY7___f__z_v-v________7-3f3__5___-__e_V__9zfn9_____9vP___9v-_9__________3_79_7_H9-f_876CXYBJhq3EAXYljgTbRhFCiBGFYSFUCgAooBhaIDCB1cFOyuAn1hEgBQCgCMCIEOAKMmAQAAAQBIRABIEeCAQAAQCAAEACoRCAAjYBBQAWAgEAAoDoWKMUAQgSEGREREKYEBEiQUE9lQglB_oaYQh1lgBQaP-KhARKAGKwIhIWDkOCJAS8WSBZijfIARgBQCiVCtQSemgAWMjYAA.f_gAD_gAAAAA&grv=2,GET,False,True,,https://www.olx.ro/,parser,,False,MD5,URI,EMAIL,olx.ro,criteo.com,https://www.olx.ro/,,,https://www.olx.ro/,uid=847ea333-7857-46c6-887b-2d1db900fab3
2613,6859,1272435.1371,https://aa.agkn.com/adscores/s.js?sid=9112317608&em=6fc55d1445a6b8724cb1ad5f5ff66c49,GET,False,True,,https://follow.it/static/js/app.c9345d57f8d7c29cfe66.js?_sw-precache=28e88285cde98cd650dee96b05158073,script,n,False,MD5,URI,EMAIL,follow.it,agkn.com,https://follow.it/,,,https://follow.it/,
2614,6909,1285429.3226,https://api.rlcdn.com/api/identity/v2/envelope?pid=13728&it=4&iv=4e702dcf4ba0ac495bc6257865c573e25e96c78db7a468b5da1e9a456e6eea66&it=4&iv=0a523328bd88036249c5c96b04491ffe1aaea687&it=4&iv=6fc55d1445a6b8724cb1ad5f5ff66c49,GET,False,True,,https://ats-wrapper.privacymanager.io/ats-modules/eafec4bb-1815-4875-8f9b-ed86bd906938/ats.js,script,ie,False,MD5,URI,EMAIL,elperiodico.com,rlcdn.com,https://www.elperiodico.com/es/,,,https://www.elperiodico.com/es/,
2615,6909,1285429.3229,https://api.rlcdn.com/api/identity/v2/envelope?pid=13728&it=4&iv=4e702dcf4ba0ac495bc6257865c573e25e96c78db7a468b5da1e9a456e6eea66&it=4&iv=0a523328bd88036249c5c96b04491ffe1aaea687&it=4&iv=6fc55d1445a6b8724cb1ad5f5ff66c49,GET,False,True,,https://ats-wrapper.privacymanager.io/ats-modules/eafec4bb-1815-4875-8f9b-ed86bd906938/ats.js,script,ie,False,MD5,URI,EMAIL,elperiodico.com,rlcdn.com,https://www.elperiodico.com/es/,,,https://www.elperiodico.com/es/,
2616,6909,1285429.4044,https://api.rlcdn.com/api/identity/v2/envelope?pid=13728&it=4&iv=4e702dcf4ba0ac495bc6257865c573e25e96c78db7a468b5da1e9a456e6eea66&it=4&iv=0a523328bd88036249c5c96b04491ffe1aaea687&it=4&iv=6fc55d1445a6b8724cb1ad5f5ff66c49,GET,False,True,,https://ats-wrapper.privacymanager.io/ats-modules/eafec4bb-1815-4875-8f9b-ed86bd906938/ats.js,script,ie,False,MD5,URI,EMAIL,elperiodico.com,rlcdn.com,https://www.elperiodico.com/es/,,,https://www.elperiodico.com/es/,
2617,8245,1083597.288,https://rp.liadm.com/j?dtstmp=1686581630051&aid=a-04c9&se=eyJldmVudCI6ImNvbnZlcnNpb24iLCJuYW1lIjoiYWNjb3VudF9jcmVhdGUiLCJlbWFpbCI6IioqKioqKioqKiJ9&duid=320dc839710e--01h2r1gwz204q974fnp1ssrc7z&tna=v2.7.2&pu=https%3A%2F%2Fwww.hungryroot.com%2F&e=6fc55d1445a6b8724cb1ad5f5ff66c49%2C0a523328bd88036249c5c96b04491ffe1aaea687%2C4e702dcf4ba0ac495bc6257865c573e25e96c78db7a468b5da1e9a456e6eea66&wpn=lc-bundle&c=PHRpdGxlPkh1bmdyeXJvb3QgfCBUaGUgZWFzaWVzdCB3YXkgdG8gZWF0IGhlYWx0aHkuPC90aXRsZT48bWV0YSBuYW1lPSJkZXNjcmlwdGlvbiIgY29udGVudD0iR29vZC1mb3IteW91IGdyb2Nlcmllcywgc2ltcGxlIHJlY2lwZXMsIHJlY29tbWVuZGVkIGp1c3QgZm9yIHlvdS4gVGFrZSB0aGUgcXVpeiB0b2RheS4iPjxoMSBjbGFzcz0ic2VjdGlvbl9fdGl0bGUgc2VjdGlvbi1oZXJvX190aXRsZSIgZGF0YS1jeT0ic2VjdGlvbi1oZXJvLXRpdGxlIj5UaGUgZWFzaWVzdCB3YXkgdG8gZWF0IGhlYWx0aHkuPC9oMT4,GET,False,True,,https://www.datadoghq-browser-agent.com/datadog-logs-us.js,script,ot,False,MD5,URI,EMAIL,hungryroot.com,liadm.com,https://www.hungryroot.com/,,,https://www.hungryroot.com/,lidid=5d6c7d73-cb06-41d0-8b24-33011b3f76b5
2618,8544,1350997.259,https://sslwidget.criteo.com/event?a=86615&v=5.16.1&p0=e%3Dexd%26site_type%3Dd&p1=e%3Dvc%26id%3D1686807748447%26p%3D%255Bi%25253Dsignup%252526pr%25253D0%252526q%25253D1%255D&p2=e%3Dce%26m%3D%255B6fc55d1445a6b8724cb1ad5f5ff66c49%255D%26h%3DemailHashMD5&p3=e%3Ddis%26a%3D%255B9020%252C86615%255D&adce=1&bundle=upVESF80d3E3bkQwUTU3azNRTDdVb2VqNkIzbkJIbmh3OHZHQjY1WHJtVnVqRGRaT2ZKQTFUandqNUljMkpnRyUyQlVjekplaHlZOVVGblJJUml1RXBMNVklMkZ1bGVuTkRIUE5hUnRubmFMYW1LNk4yYUZqSEMlMkJ1WjlCZnRJSmRDRnhycEVlOGFlSVk2U1FNTmFFTVNXUnAxeURmTmclM0QlM0Q&tld=shopstyle.com&fu=https%253A%252F%252Fwww.shopstyle.com%252F&ceid=e34d66c4-f8a5-49b7-ae32-73617e7e220d&dtycbr=56141,GET,False,True,,https://static.criteo.net/js/ld/ld.js,script,T,False,MD5,URI,EMAIL,shopstyle.com,criteo.com,https://www.shopstyle.com/,,,https://www.shopstyle.com/,uid=5397aae0-9b33-47fd-a3b5-96b5b5396468
2619,8544,1350997.259,https://sslwidget.criteo.com/event?a=86615&v=5.16.1&p0=e%3Dexd%26site_type%3Dd&p1=e%3Dvc%26id%3D1686807748447%26p%3D%255Bi%25253Dsignup%252526pr%25253D0%252526q%25253D1%255D&p2=e%3Dce%26m%3D%255B6fc55d1445a6b8724cb1ad5f5ff66c49%255D%26h%3DemailHashMD5&p3=e%3Ddis%26a%3D%255B9020%252C86615%255D&adce=1&bundle=upVESF80d3E3bkQwUTU3azNRTDdVb2VqNkIzbkJIbmh3OHZHQjY1WHJtVnVqRGRaT2ZKQTFUandqNUljMkpnRyUyQlVjekplaHlZOVVGblJJUml1RXBMNVklMkZ1bGVuTkRIUE5hUnRubmFMYW1LNk4yYUZqSEMlMkJ1WjlCZnRJSmRDRnhycEVlOGFlSVk2U1FNTmFFTVNXUnAxeURmTmclM0QlM0Q&tld=shopstyle.com&fu=https%253A%252F%252Fwww.shopstyle.com%252F&ceid=e34d66c4-f8a5-49b7-ae32-73617e7e220d&dtycbr=56141,GET,False,True,,https://static.criteo.net/js/ld/ld.js,script,T,False,MD5,URI,EMAIL,shopstyle.com,criteo.com,https://www.shopstyle.com/,,,https://www.shopstyle.com/,uid=5397aae0-9b33-47fd-a3b5-96b5b5396468
2620,8544,1350997.259,https://widget.us.criteo.com/event?a=86615&v=5.16.1&p0=e%3Dexd%26site_type%3Dd&p1=e%3Dvc%26id%3D1686807748447%26p%3D%255Bi%25253Dsignup%252526pr%25253D0%252526q%25253D1%255D&p2=e%3Dce%26m%3D%255B6fc55d1445a6b8724cb1ad5f5ff66c49%255D%26h%3DemailHashMD5&p3=e%3Ddis%26a%3D%255B9020%252C86615%255D&adce=1&bundle=upVESF80d3E3bkQwUTU3azNRTDdVb2VqNkIzbkJIbmh3OHZHQjY1WHJtVnVqRGRaT2ZKQTFUandqNUljMkpnRyUyQlVjekplaHlZOVVGblJJUml1RXBMNVklMkZ1bGVuTkRIUE5hUnRubmFMYW1LNk4yYUZqSEMlMkJ1WjlCZnRJSmRDRnhycEVlOGFlSVk2U1FNTmFFTVNXUnAxeURmTmclM0QlM0Q&tld=shopstyle.com&fu=https%253A%252F%252Fwww.shopstyle.com%252F&ceid=e34d66c4-f8a5-49b7-ae32-73617e7e220d&dtycbr=56141,GET,False,True,,,other,,False,MD5,URI,EMAIL,shopstyle.com,criteo.com,https://www.shopstyle.com/,,,https://www.shopstyle.com/,uid=5397aae0-9b33-47fd-a3b5-96b5b5396468
2621,8544,1350997.259,https://widget.us.criteo.com/event?a=86615&v=5.16.1&p0=e%3Dexd%26site_type%3Dd&p1=e%3Dvc%26id%3D1686807748447%26p%3D%255Bi%25253Dsignup%252526pr%25253D0%252526q%25253D1%255D&p2=e%3Dce%26m%3D%255B6fc55d1445a6b8724cb1ad5f5ff66c49%255D%26h%3DemailHashMD5&p3=e%3Ddis%26a%3D%255B9020%252C86615%255D&adce=1&bundle=upVESF80d3E3bkQwUTU3azNRTDdVb2VqNkIzbkJIbmh3OHZHQjY1WHJtVnVqRGRaT2ZKQTFUandqNUljMkpnRyUyQlVjekplaHlZOVVGblJJUml1RXBMNVklMkZ1bGVuTkRIUE5hUnRubmFMYW1LNk4yYUZqSEMlMkJ1WjlCZnRJSmRDRnhycEVlOGFlSVk2U1FNTmFFTVNXUnAxeURmTmclM0QlM0Q&tld=shopstyle.com&fu=https%253A%252F%252Fwww.shopstyle.com%252F&ceid=e34d66c4-f8a5-49b7-ae32-73617e7e220d&dtycbr=56141,GET,False,True,,,other,,False,MD5,URI,EMAIL,shopstyle.com,criteo.com,https://www.shopstyle.com/,,,https://www.shopstyle.com/,uid=5397aae0-9b33-47fd-a3b5-96b5b5396468
2622,8638,1356424.1894,https://www.gravatar.com/avatar/6fc55d1445a6b8724cb1ad5f5ff66c49?s=100&d=mp,GET,False,False,,https://appsumo.com/,parser,,False,MD5,URI,EMAIL,appsumo.com,gravatar.com,https://appsumo.com/,,,https://appsumo.com/,
2833,6716,1254047.555,https://htlb.casalemedia.com/openrtb/pbjs?s=283206,POST,True,False,"{'postData': '{""id"":""9b1bd47a3fdffd"",""site"":{""page"":""https://www.olx.ro/""},""ext"":{""source"":""prebid"",""ixdiag"":{""ls"":true,""mfu"":0,""bu"":2,""iu"":0,""nu"":0,""ou"":0,""allu"":2,""ren"":false,""version"":""7.23.0"",""userIds"":[],""url"":""https://www.olx.ro/"",""tmax"":3000,""syncsPerBidder"":5,""fpd"":true,""adunitcode"":""/71406437/OLX_RO_Desktop/Homepage/wideboard_top"",""divId"":""div-gpt-ad-1449145153968-0-inner""}},""imp"":[{""id"":""1004ed86bf9d423"",""banner"":{""topframe"":1,""format"":[{""w"":728,""h"":90,""ext"":{""siteID"":""283206""}},{""w"":750,""h"":200,""ext"":{""siteID"":""283206""}},{""w"":890,""h"":200,""ext"":{""siteID"":""283206""}}]},""ext"":{""tid"":""bdc3ef51-34d0-4bbb-a085-26af867cf517""}},{""id"":""11defed8d75c86c"",""banner"":{""topframe"":1,""format"":[{""w"":728,""h"":90,""ext"":{""siteID"":""281946""}},{""w"":890,""h"":250,""ext"":{""siteID"":""281946""}},{""w"":750,""h"":200,""ext"":{""siteID"":""281946""}},{""w"":890,""h"":200,""ext"":{""siteID"":""281946""}},{""w"":970,""h"":250,""ext"":{""siteID"":""281946""}},{""w"":800,""h"":200,""ext"":{""siteID"":""281946""}}]},""ext"":{""tid"":""cdf4c069-095b-4adb-b098-52bad637fb01""}}],""at"":1,""source"":{""tid"":""61629725-8c5e-4a4e-9e86-f4c559aa4e79""},""regs"":{""ext"":{""gdpr"":1}},""user"":{""ext"":{""consent"":""CPtYYilPtYYilAcABBENDICsAP_AAH_AAAYgJftf_X__b2_r-_7_f_t0eY1P9_7__-0zjhfdl-8N3f_X_L8X52M7vF36tqoKuR4ku3LBIUdlHPHcTVmw6okVryPsbk2cr7NKJ7PEmnMbO2dYGH9_n1_z-ZKY7___f__z_v-v________7-3f3__5___-__e_V__9zfn9_____9vP___9v-_9__________3_79_7_H9-f_876CXYBJhq3EAXYljgTbRhFCiBGFYSFUCgAooBhaIDCB1cFOyuAn1hEgBQCgCMCIEOAKMmAQAAAQBIRABIEeCAQAAQCAAEACoRCAAjYBBQAWAgEAAoDoWKMUAQgSEGREREKYEBEiQUE9lQglB_oaYQh1lgBQaP-KhARKAGKwIhIWDkOCJAS8WSBZijfIARgBQCiVCtQSemgAWMjYAA.f_gAD_gAAAAA"",""consented_providers_settings"":{""consented_providers"":""1~89.2008.2072.2135.2322.2465.2501.2958.2999.3028.3225.3226.3231.3232.3234.3235.3236.3237.3238.3240.3244.3245.3250.3251.3253.3257.3260.3268.3270.3272.3281.3288.3290.3292.3293.3295.3296.3300.3306.3307.3308.3314.3315.3316.3318.3324.3327.3328.3330.3531.3831.3931""},""eids"":[{""source"":""www.olx.ro"",""uids"":[{""id"":""f373831b-cdb4-4f90-bc49-54a88f10f646-ver2"",""atype"":1,""ext"":{""stype"":""ppuid"",""persistence"":""http""}},{""id"":""690747975"",""atype"":3,""ext"":{""stype"":""ppuid"",""persistence"":""js""}},{""id"":""6fc55d1445a6b8724cb1ad5f5ff66c49"",""atype"":3,""ext"":{""stype"":""hemmd5""}},{""id"":""4e702dcf4ba0ac495bc6257865c573e25e96c78db7a468b5da1e9a456e6eea66"",""atype"":3,""ext"":{""stype"":""hemsha256""}}]}]}}}'}",https://cdn.slots.baxter.olx.org/_assets/prebid/7.23.0-536660e555402df8f6a2fd9fa76e52366c91d35d.js,script,anonymous,False,MD5,PAYLOAD,EMAIL,olx.ro,casalemedia.com,https://www.olx.ro/,,,https://www.olx.ro/,CMID=ZInA4dK8AtFiqDu4ez1q7QAA; CMPS=5396; CMPRO=5396
2834,6716,1254047.556,https://prebid-eu.creativecdn.com/bidder/prebid/bids,POST,True,False,"{'postData': '{""id"":""61629725-8c5e-4a4e-9e86-f4c559aa4e79"",""imp"":[{""id"":""132fa03fdaeab3d"",""banner"":{""w"":750,""h"":200,""format"":[{""w"":750,""h"":200},{""w"":890,""h"":200},{""w"":728,""h"":90}]},""tagid"":""/71406437/OLX_RO_Desktop/Homepage/billboard_bottom""},{""id"":""1488e3ad76d0a9d"",""banner"":{""w"":890,""h"":250,""format"":[{""w"":890,""h"":250},{""w"":750,""h"":200},{""w"":890,""h"":200},{""w"":970,""h"":250},{""w"":800,""h"":200},{""w"":728,""h"":90}]},""tagid"":""/71406437/OLX_RO_Desktop/Homepage/wideboard_top""}],""site"":{""publisher"":{""id"":""88dda0941048aa7f015f""},""page"":""https://www.olx.ro/"",""name"":""https://www.olx.ro""},""cur"":[""USD""],""test"":0,""source"":{""tid"":""bdc3ef51-34d0-4bbb-a085-26af867cf517""},""regs"":{""ext"":{""gdpr"":1}},""user"":{""ext"":{""consent"":""CPtYYilPtYYilAcABBENDICsAP_AAH_AAAYgJftf_X__b2_r-_7_f_t0eY1P9_7__-0zjhfdl-8N3f_X_L8X52M7vF36tqoKuR4ku3LBIUdlHPHcTVmw6okVryPsbk2cr7NKJ7PEmnMbO2dYGH9_n1_z-ZKY7___f__z_v-v________7-3f3__5___-__e_V__9zfn9_____9vP___9v-_9__________3_79_7_H9-f_876CXYBJhq3EAXYljgTbRhFCiBGFYSFUCgAooBhaIDCB1cFOyuAn1hEgBQCgCMCIEOAKMmAQAAAQBIRABIEeCAQAAQCAAEACoRCAAjYBBQAWAgEAAoDoWKMUAQgSEGREREKYEBEiQUE9lQglB_oaYQh1lgBQaP-KhARKAGKwIhIWDkOCJAS8WSBZijfIARgBQCiVCtQSemgAWMjYAA.f_gAD_gAAAAA"",""eids"":[{""source"":""www.olx.ro"",""uids"":[{""id"":""f373831b-cdb4-4f90-bc49-54a88f10f646-ver2"",""atype"":1,""ext"":{""stype"":""ppuid"",""persistence"":""http""}},{""id"":""690747975"",""atype"":3,""ext"":{""stype"":""ppuid"",""persistence"":""js""}},{""id"":""6fc55d1445a6b8724cb1ad5f5ff66c49"",""atype"":3,""ext"":{""stype"":""hemmd5""}},{""id"":""4e702dcf4ba0ac495bc6257865c573e25e96c78db7a468b5da1e9a456e6eea66"",""atype"":3,""ext"":{""stype"":""hemsha256""}}]}]}}}'}",https://cdn.slots.baxter.olx.org/_assets/prebid/7.23.0-536660e555402df8f6a2fd9fa76e52366c91d35d.js,script,anonymous,False,MD5,PAYLOAD,EMAIL,olx.ro,creativecdn.com,https://www.olx.ro/,,,https://www.olx.ro/,u=e0GcMUy1RhRtpGUmYOfM; ts=1686749401
2835,6716,1254047.559,https://bidder.criteo.com/cdb?ptv=132&profileId=185&av=34&wv=7.23.0&bundle=bIYiAV9WVEVEbXVEZFAyV1owM1NlQjFsdVBBUTh4VlV5bzNmbFBLc01aZmlPOFJNNENDMWV6b1REbDFxQmFtZW42dWl2Z1l4bUpOSDZvUkV3SE0lMkZRVlI2TzJRR3JzcmJXZmJaalFyUUR1R2ZIWXMyREx6cm9KVGRjZUs1RFc5T05LNWh2MzRTNmIlMkI4Tm1uZU0wbENkZUFrWkhBJTNEJTNE&cb=29883002738,POST,True,True,"{'postData': '{""publisher"":{""url"":""https://www.olx.ro/"",""networkid"":5381},""slots"":[{""slotid"":""eb19ba565bc64876a6a72c0133e64e96"",""impid"":""/71406437/OLX_RO_Desktop/Homepage/billboard_bottom"",""transactionid"":""bdc3ef51-34d0-4bbb-a085-26af867cf517"",""sizes"":[""750x200"",""890x200"",""728x90""],""ext"":{""tid"":""bdc3ef51-34d0-4bbb-a085-26af867cf517""}},{""slotid"":""ee7093fce1d84fd899fcc2b51899f20b"",""impid"":""/71406437/OLX_RO_Desktop/Homepage/wideboard_top"",""transactionid"":""cdf4c069-095b-4adb-b098-52bad637fb01"",""sizes"":[""890x250"",""750x200"",""890x200"",""970x250"",""800x200"",""728x90""],""ext"":{""tid"":""cdf4c069-095b-4adb-b098-52bad637fb01""}}],""user"":{""ext"":{""eids"":[{""source"":""www.olx.ro"",""uids"":[{""id"":""f373831b-cdb4-4f90-bc49-54a88f10f646-ver2"",""atype"":1,""ext"":{""stype"":""ppuid"",""persistence"":""http""}},{""id"":""690747975"",""atype"":3,""ext"":{""stype"":""ppuid"",""persistence"":""js""}},{""id"":""6fc55d1445a6b8724cb1ad5f5ff66c49"",""atype"":3,""ext"":{""stype"":""hemmd5""}},{""id"":""4e702dcf4ba0ac495bc6257865c573e25e96c78db7a468b5da1e9a456e6eea66"",""atype"":3,""ext"":{""stype"":""hemsha256""}}]}],""data"":{""contentLanguage"":""ro"",""navigatorLanguage"":""en-US"",""orientation"":""landscape-primary"",""windowInnerWidth"":1920,""windowInnerHeight"":980,""pageWidth"":1905,""pageHeight"":4128,""sessionDuration"":3604},""device"":{""w"":1920,""h"":1080}}},""gdprConsent"":{""consentData"":""CPtYYilPtYYilAcABBENDICsAP_AAH_AAAYgJftf_X__b2_r-_7_f_t0eY1P9_7__-0zjhfdl-8N3f_X_L8X52M7vF36tqoKuR4ku3LBIUdlHPHcTVmw6okVryPsbk2cr7NKJ7PEmnMbO2dYGH9_n1_z-ZKY7___f__z_v-v________7-3f3__5___-__e_V__9zfn9_____9vP___9v-_9__________3_79_7_H9-f_876CXYBJhq3EAXYljgTbRhFCiBGFYSFUCgAooBhaIDCB1cFOyuAn1hEgBQCgCMCIEOAKMmAQAAAQBIRABIEeCAQAAQCAAEACoRCAAjYBBQAWAgEAAoDoWKMUAQgSEGREREKYEBEiQUE9lQglB_oaYQh1lgBQaP-KhARKAGKwIhIWDkOCJAS8WSBZijfIARgBQCiVCtQSemgAWMjYAA.f_gAD_gAAAAA"",""gdprApplies"":true,""version"":2},""viewport"":{""width"":1920,""height"":980,""scrollTop"":0,""scrollLeft"":0},""tmax"":3000,""auctionStart"":1686749560525,""id"":""99f1b481-27cb-4e77-a37c-5ae82ffefa30""}'}",https://cdn.slots.baxter.olx.org/_assets/prebid/7.23.0-536660e555402df8f6a2fd9fa76e52366c91d35d.js,script,anonymous,False,MD5,PAYLOAD,EMAIL,olx.ro,criteo.com,https://www.olx.ro/,,,https://www.olx.ro/,uid=847ea333-7857-46c6-887b-2d1db900fab3
2836,2936,248600.1138,https://live-detector.svc.transifex.net/,POST,False,False,"{'postData': '{""apikey"":""aa123087176a485c86dea2bc33e151bf"",""host"":""www.plex.tv"",""path"":""/"",""group"":""c21f969b5f03d33d43e04f8f136e7682"",""staging"":false,""lib_version"":119,""newstrings"":{""0b37c134ce1bf617d259183d9c0e0c03"":{""string"":""Find Movies & TV"",""tags"":[]},""b1c94ca2fbc3e78fc30069c8d0f01680"":{""string"":""All"",""tags"":[]},""80662e1f485e79d07ef4973f6b1b9f88"":{""string"":""Movies"",""tags"":[]},""271ddf829afeece44d8732757fba1a66"":{""string"":""TV"",""tags"":[]},""92bf426d57bcbdf4c5559e5b7dd18902"":{""string"":""Live TV"",""tags"":[]},""78386ec8f2845742c324a3d7d3e800ff"":{""string"":""People"",""tags"":[]},""c49c29bb6656c1f25f2cfac84f83b5ba"":{""string"":""No results"",""tags"":[]},""08a8567fcc6dbbebb9cf99af050b2848"":{""string"":""Free Movies &amp; TV"",""tags"":[]},""98f770b0af18ca763421bac22b4b6805"":{""string"":""Features"",""tags"":[]},""801ab24683a4a8c433c6eb40c48bcd9d"":{""string"":""Download"",""tags"":[]},""1819001b72329e2ef5799fe504238035"":{""string"":""Explore"",""tags"":[]},""15422d54ec0d47000dc86a9820a5237e"":{""string"":""Featured"",""tags"":[]},""3884667310422e02534c210bf5e5864e"":{""string"":""Movies &amp; TV Shows"",""tags"":[]},""961be1b8674fd51214c51e30674ac7f6"":{""string"":""Live TV Channels"",""tags"":[]},""425efa6ee97738e110fd7b195fb83e07"":{""string"":""Most Popular"",""tags"":[]},""8578653750bfa95341f38c08c68ff63a"":{""string"":""Leaving Soon"",""tags"":[]},""78c9343ce017e16086702826f9916025"":{""string"":""Browse Channels"",""tags"":[]},""31283f612726e0e0c0603aebae850200"":{""string"":""Plex for All"",""tags"":[]},""9ad9007765bf33cdaa8a53696f722dcf"":{""string"":""200+ Free Live TV Channels"",""tags"":[]},""6579fb7a9c23d81e315f222b286d8345"":{""string"":""Tune in anytime, on any device."",""tags"":[]},""51d0558ced4638d818dd8c955533e31e"":{""string"":""Free Movies &amp; Shows"",""tags"":[]},""9fb8739c64cf5c1abeb94c062c33cdc0"":{""string"":""Stream 50,000+ titles on demand."",""tags"":[]},""b70a90e94d17bfed1eb51f1e186bc291"":{""string"":""Stream on Almost Any Device"",""tags"":[]},""02c978d6317987aeca7ad5ee69494105"":{""string"":""Download our free app to start."",""tags"":[]},""811299ba05a422f4f4f4c347294fa9a6"":{""string"":""Pause, Save, Resume"",""tags"":[]},""2aae844687870b97c0d353b5031ad893"":{""string"":""Keep your spot from screen to screen."",""tags"":[]},""cdad4ffe6c06e58719b12b98312ee185"":{""string"":""Plex for Pros"",""tags"":[]},""967e8c3d69ebea5107f058f0da8f16aa"":{""string"":""Add Your Personal Media"",""tags"":[]},""c297d589a0583ce0baeac2e58aa20571"":{""string"":""Organize &amp; stream your own collection."",""tags"":[]},""6f34fe48c0064b253bff56c9c5aad0a7"":{""string"":""Upgrade to Plex Pass"",""tags"":[]},""da89dc137798756037436f2ddb3e7061"":{""string"":""Get the most from your personal media."",""tags"":[]},""ff6292b3743fd4b05bdc40a0402c09c6"":{""string"":""Plexamp (Plex Pass Exclusive)"",""tags"":[]},""a37ec1f888753a61ae148083798f0038"":{""string"":""Experience the app made for audiophiles."",""tags"":[]},""68f979e0ea2cd4df5d20157c579629f2"":{""string"":""Ultimate DVR (Plex Pass Exclusive)"",""tags"":[]},""7bbdf11dfd95985741989d09432bbca8"":{""string"":""Watch &amp; record broadcast TV."",""tags"":[]},""6c3e67bae86b980067cda8f2fee6fcaf"":{""string"":""Get the App"",""tags"":[]},""0d500c6e9278a2dd7a648bec516fa85d"":{""string"":""For TVs"",""tags"":[]},""87145e5161ef342e36de5908843eb23f"":{""string"":""Roku, Fire TV, Samsung &amp; more"",""tags"":[]},""785c7faf7593dfa89321de24525e54f2"":{""string"":""For Mobile"",""tags"":[]},""2dfc5c086075a1d22c4ec99d9d869763"":{""string"":""iOS &amp; Android"",""tags"":[]},""af6095a7dddda6a5e31c9379d64e12fa"":{""string"":""For Consoles"",""tags"":[]},""46ffc0bf3f9ee93cdb69509f690921e5"":{""string"":""PlayStation &amp; Xbox"",""tags"":[]},""77fc64fe55e2afca0492ed47e8a6190c"":{""string"":""For Desktop"",""tags"":[]},""e5818c4109223dc5262ad9d58bc9fbfc"":{""string"":""Mac, Windows &amp; Web"",""tags"":[]},""b46fb4c8df4c50aa7e3d66ac744348ad"":{""string"":""Plex Pro Downloads"",""tags"":[]},""cc94ed6cf59759d8969b5c4730501f31"":{""string"":""Plex Media Server"",""tags"":[]},""ff66ddca7203b39eea2c912071cd4e55"":{""string"":""Create, organize, and store your collections."",""tags"":[]},""c086bd16182a02b564f95adf86daeb79"":{""string"":""Plex Dash (Plex Pass Exclusive)"",""tags"":[]},""ba850f008d786bd6362cbf40e3da6aba"":{""string"":""A custom app for remote server monitoring."",""tags"":[]},""68391de1e6c1cbc2f1c39645f6d363dc"":{""string"":""Open Plex"",""tags"":[]},""f5e9f16f408c378f86191ce9d2b2324a"":{""string"":""minamotohattori"",""tags"":[]},""ff73074ccafb0bcfc1c49a09ceb6532f"":{""string"":""Account Settings"",""tags"":[]},""61794ac12e0733c68cdb7425c8dcdb73"":{""string"":""My Watchlist"",""tags"":[]},""db5eb84117d06047c97c9a0191b5fffe"":{""string"":""Support"",""tags"":[]},""375e08625a2c38089b9e3a60f0e68325"":{""string"":""Sign Out"",""tags"":[]},""b005395b6cc1fed0fd6758a9bf078946"":{""string"":""Movies &amp; Shows"",""tags"":[]},""69718e8c10a25251af087b5dbf0f2c8b"":{""string"":""Plex Picks"",""tags"":[]},""af1b98adf7f686b84cd0b443e022b7a0"":{""string"":""Categories"",""tags"":[]},""051d0e8a0d7e887aa30b18831dc768e6"":{""string"":""Features for All"",""tags"":[]},""3d2901953471bcd6efff91ccd26574fe"":{""string"":""On Demand Movies &amp; Shows"",""tags"":[]},""75174accd8349381a608714ca86192bc"":{""string"":""Features for Plex Pros"",""tags"":[]},""eb7eec9b44d8dfd88cc42b731408b95f"":{""string"":""Ultimate TV &amp; DVR (Plex Pass Exclusive)"",""tags"":[]},""3c6392d21eded83348fcd9ba6fbf3784"":{""string"":""Download Now"",""tags"":[]},""2767621ecf7077969d1f67f76cd784dd"":{""string"":""Download Plex from the Play Store"",""tags"":[]},""3715f208ebbf750077d0c5a04780350a"":{""string"":""Download Plex from the App Store"",""tags"":[]},""cbe249494035dc13a072db402f10d13f"":{""string"":""English (US)"",""tags"":[]},""bbadfe23faed3a56a640fcb83ff93c06"":{""string"":""中文 (中国)"",""tags"":[]},""dea2dcc2d6d633e6a3d2a93ed23aa903"":{""string"":""Nederlands"",""tags"":[]},""150425a9e856e8efd4d4ccb2fd977e2c"":{""string"":""English (Australia)"",""tags"":[]},""f40c3cde472013baa7b5696d117c5fde"":{""string"":""English (Canada)"",""tags"":[]},""2c29942f69ac42b1e889e4c0528394fd"":{""string"":""English (UK)"",""tags"":[]},""e0545693906575b04aa1650abd60faba"":{""string"":""Français"",""tags"":[]},""8f0ca2185f684aa4edeae4b25a65239b"":{""string"":""Deutsch"",""tags"":[]},""450e0a7004f052c5cacb05548a10bedf"":{""string"":""हिन्दी"",""tags"":[]},""00110af8b4393ef3f72c50be5b332bec"":{""string"":""日本語"",""tags"":[]},""d6d014c612be422818ca8a960063d051"":{""string"":""한국어"",""tags"":[]},""10fef620608967668bce27dc9ab6fe8e"":{""string"":""Português"",""tags"":[]},""c91e897d4a005988919e50f5247c9aed"":{""string"":""Português (Brasil)"",""tags"":[]},""a5c072fa947c0f5677a599b14f3fd48c"":{""string"":""Русский"",""tags"":[]},""de92bbe05815c4eb756acb5897baa99c"":{""string"":""Español"",""tags"":[]},""905bd3465e945f776a704e98677a09d8"":{""string"":""Svenska"",""tags"":[]},""e496fe01f173d77bccf81e01afaeebf1"":{""string"":""Redirecting you, please wait ..."",""tags"":[]},""df95445f77d21e901bc1d4960b925e9c"":{""string"":""Plex is like mission control for your content"",""tags"":[]},""812b5b863923244cfda87d272baff135"":{""string"":""With our easy-to-install Plex Media Server software and Plex apps on the devices of your choosing, you can stream your video, music, and photo collections any time, anywhere, to whatever you want."",""tags"":[]},""d5ebbc85d27ffd86911a7ac2323ce8e6"":{""string"":""Quick Start Video"",""tags"":[]},""e0c4332e8c13be976552a059f106354f"":{""string"":""Get Started"",""tags"":[]},""020d654da2a0de43f940d513853eed2d"":{""string"":""Getting started is easy, download Plex Media Server and we\'ll walk you through the rest."",""tags"":[]},""218dffd45376546a21e02aaa402c17d1"":{""string"":""Introducing streaming music powered by TIDAL"",""tags"":[]},""105f631c29515c40f53d1216f6824d86"":{""string"":""Level up your music library with 60 million high-quality songs."",""tags"":[]},""c60e83e4583f9da507536550bb39bab4"":{""string"":""TIDAL is seamlessly integrated with your existing music library — beautifully organized right in Plex."",""tags"":[]},""8cc3c6d325b9a867f6991798542c9f0d"":{""string"":""Start 30-Day Free Trial"",""tags"":[]}},""refresh_ts"":[]}'}",https://cdn.transifex.com/live.js,script,TXLIVE.doCORSRequest,False,MD5,PAYLOAD,USER_NAME,plex.tv,transifex.net,https://www.plex.tv/,,,https://www.plex.tv/,
